id,name,model_id:id,group_id:id,perm_read,perm_write,perm_create,perm_unlink
access_hr_request_employee,access.hr.request.employee,model_hr_request,base.group_user,1,1,1,0
access_hr_request_type_employee,access.hr.request.type.employee,model_hr_request_type,base.group_user,1,0,0,0
access_hr_request_portal,access.hr.request.portal,model_hr_request,base.group_portal,1,1,1,0
access_hr_request_type_portal,access.hr.request.type.portal,model_hr_request_type,base.group_portal,1,0,0,0
access_hr_request_hr_assistance,access.hr.request.hr.assistance,model_hr_request,hr_requests.group_hr_request_hr_assistance,1,1,1,0
access_hr_employee_hr_assistance,access.hr.employee.hr.assistance,hr.model_hr_employee,hr_requests.group_hr_request_hr_assistance,1,0,0,0
access_hr_request_metraco,access_hr_request_metraco,model_hr_request,hr_requests.group_hr_request_metraco,1,1,1,0
access_hr_request_type_metraco,access_hr_request_type_metraco,model_hr_request_type,hr_requests.group_hr_request_metraco,1,0,0,0
access_hr_request_sign_wizard_metraco,access_hr_request_sign_wizard_metraco,model_hr_request_sign_wizard,hr_requests.group_hr_request_metraco,1,1,1,1
access_hr_request_reject_metraco,access_hr_request_reject_metraco,model_hr_request_reject_wizard,hr_requests.group_hr_request_metraco,1,1,1,1
access_hr_employee_metraco,access_hr_employee_metraco,hr.model_hr_employee,hr_requests.group_hr_request_metraco,1,0,0,0
access_hr_request_daiko_damos,access_hr_request_daiko_damos,model_hr_request,hr_requests.group_hr_request_daiko_damos,1,1,1,0
access_hr_request_type_daiko_damos,access_hr_request_type_daiko_damos,model_hr_request_type,hr_requests.group_hr_request_daiko_damos,1,0,0,0
access_hr_request_sign_wizard_daiko_damos,access_hr_request_sign_wizard_daiko_damos,model_hr_request_sign_wizard,hr_requests.group_hr_request_daiko_damos,1,1,1,1
access_hr_request_reject_daiko_damos,access_hr_request_reject_daiko_damos,model_hr_request_reject_wizard,hr_requests.group_hr_request_daiko_damos,1,1,1,1
access_hr_employee_daiko_damos,access_hr_employee_daiko_damos,hr.model_hr_employee,hr_requests.group_hr_request_daiko_damos,1,0,0,0
access_hr_request_administration,access.hr.request.administration,model_hr_request,hr_requests.group_hr_request_administration,1,0,0,1
access_hr_request_type_administration,access.hr.request.type.administration,model_hr_request_type,hr_requests.group_hr_request_administration,1,1,1,1
access_hr_assistance_assignment_administration,access.hr.assistance.assignment.administration,model_hr_assistance_assignment,hr_requests.group_hr_request_administration,1,1,1,1
access_hr_employee_administration,access.hr.employee.administration,hr.model_hr_employee,hr_requests.group_hr_request_administration,1,0,0,0
access_hr_request_type_system,access.hr.request.type.system,model_hr_request_type,base.group_system,1,1,1,1
access_hr_assistance_assignment_group_system,hr.assistance.assignment,model_hr_assistance_assignment,base.group_system,1,1,1,1
access_hr_employee_configuration,access_hr_employee_configuration,hr.model_hr_employee,base.group_system,1,0,0,0
